<?xml version="1.0" encoding="UTF-8"?>
<beans xmlns="http://www.springframework.org/schema/beans"
   xmlns:xsi="http://www.w3.org/2001/XMLSchema-instance"
   xmlns:util="http://www.springframework.org/schema/util"
   xsi:schemaLocation="http://www.springframework.org/schema/beans 
   http://www.springframework.org/schema/beans/spring-beans.xsd
   http://www.springframework.org/schema/util 
   http://www.springframework.org/schema/util/spring-util.xsd" >
    <util:map id="getUsuario" key-type="java.lang.String" value-type="java.lang.String">
    	<entry key="QUERY">
        	<value>
       		SELECT
       			US.CD_USUARIO AS cdUsuario,
                (CASE
     				WHEN :cdPerfil = 'null' THEN US.CD_PERFIL_A
                	ELSE DECODE(US.CD_PERFIL_A, :cdPerfil, US.CD_PERFIL_A, US.CD_PERFIL_B)
                END) cdPerfil1,
                (CASE
                	WHEN :cdPerfil = 'null' THEN (SELECT NB_PERFIL FROM TSCA020_PERFIL WHERE US.CD_PERFIL_A = CD_PERFIL)
                    ELSE (SELECT NB_PERFIL FROM TSCA020_PERFIL WHERE DECODE(US.CD_PERFIL_A, :cdPerfil, US.CD_PERFIL_A, US.CD_PERFIL_B) = CD_PERFIL)
                END)  nbPerfil1,
                (CASE
     				WHEN :cdPerfil = 'null' THEN US.CD_PERFIL_B
                	ELSE DECODE(US.CD_PERFIL_A, :cdPerfil, US.CD_PERFIL_B, US.CD_PERFIL_A)
                END) cdPerfil2,
                (CASE
                	WHEN :cdPerfil = 'null' THEN (SELECT NB_PERFIL FROM TSCA020_PERFIL WHERE US.CD_PERFIL_B = CD_PERFIL)
                    ELSE (SELECT NB_PERFIL FROM TSCA020_PERFIL WHERE DECODE(US.CD_PERFIL_A, :cdPerfil, US.CD_PERFIL_B, US.CD_PERFIL_A) = CD_PERFIL)
                END)  nbPerfil2,
				US.NB_USR_RED AS nbCveRed,
				SP.NB_EMPLEADO AS nbPersona,
				SP.NB_APPATERNO AS nbPaterno,
				SP.NB_APMATERNO AS nbMaterno,
				US.ST_SISTEMA AS cdStSistema,
				US.CD_SUPERVISOR AS cdSupervisor,
			    US.CD_GERENCIA AS cdGerencia
			FROM 
		    	TSCA024_USUARIO US,
		        TSCA010_SIPEMPLEADO SP
		    WHERE 
		    	SP.CD_USUARIO = US.NB_USR_RED AND
		       	US.NB_USR_RED = :nbCveRed
          	</value>
      	</entry>
    </util:map>
    
    <util:map id="lstModulosPerfil" key-type="java.lang.String" value-type="java.lang.String">
    	<entry key="QUERY">
        	<value>
        	SELECT
		   		DC.NB_RAZON AS txModulo,
			  	DC.NB_VALOR AS nbModulo,
			  	DC.CD_DET_CATALOGO AS cdModulo
			FROM 
			  	TSCA018_DET_CATALOG DC,
			  	TSCA021_REL_PER_MN MP
			WHERE 
			  	MP.CD_PERFIL = :cdPerfil AND
			  	MP.CD_DET_CATALOGO = DC.CD_DET_CATALOGO
          	</value>
      	</entry>
    </util:map>
</beans>