<?xml version="1.0" encoding="UTF-8"?>
<beans xmlns="http://www.springframework.org/schema/beans"
   xmlns:xsi="http://www.w3.org/2001/XMLSchema-instance"
   xmlns:util="http://www.springframework.org/schema/util"
   xsi:schemaLocation="http://www.springframework.org/schema/beans 
   http://www.springframework.org/schema/beans/spring-beans.xsd
   http://www.springframework.org/schema/util 
   http://www.springframework.org/schema/util/spring-util.xsd" >
    
    <util:map id="lstSesion" key-type="java.lang.String" value-type="java.lang.String">
    	<entry key="QUERY">
        	<value>
        	SELECT
			    CD_SESION cdValor,
			    CD_SESION nbValor
			FROM
			    TSCA023_SESION
			WHERE
			    ST_SISTEMA = 11
			    AND SUBSTR(CD_SESION,-4) = :fhAnio
			ORDER BY
			    SUBSTR(CD_SESION,1,2)
          	</value>
      	</entry>
    </util:map>
    
    <util:map id="lstArmadoConsenso" key-type="java.lang.String" value-type="java.lang.String">
    	<entry key="QUERY">
        	<value>
        	SELECT
        		cdCaso, 
				cdCasoSia, 
				cdCliente, 
				cdAlerta,
				cdSistema, 
				nuCuenta,
				cdDesicionFinal,
				nuFolioAlerta,
				cdSesion
        	FROM (
	        	SELECT 
					T014.CD_CASO cdCaso, 
					T217.CD_CASO_SIA cdCasoSia, 
					T014.CD_CLIENTE cdCliente, 
					T217.CD_ALERTA cdAlerta,
					T217.CD_SISTEMA cdSistema, 
					lpad(T013.NU_CUENTA,20,'0') nuCuenta,
					(SELECT NB_VALOR FROM GORAPR.TSCA018_DET_CATALOG WHERE CD_CATALOGO = 15 AND CD_DET_CATALOGO = T217.CD_DECISION_FINAL) cdDesicionFinal,
					T217.CD_ALERTA nuFolioAlerta,
					T217.CD_SESION  cdSesion
				FROM 
					GORAPR.TSCA014_CASO T014
					LEFT JOIN GORAPR.TSCA217_REL_CASO_SIA T217 ON T014.CD_CASO = T217.CD_CASO_SICA
					LEFT JOIN GORAPR.TSCA013_ALERTA T013 ON T217.CD_ALERTA = T013.CD_ALERTA AND T217.CD_SISTEMA = T013.CD_SISTEMA
				WHERE 
					T014.ST_CASO_IN = 13 AND T217.ST_CONSENSO IS NULL
			)
          	</value>
      	</entry>
    </util:map>
    
    <util:map id="lstPremisasByStCompartido" key-type="java.lang.String" value-type="java.lang.String">
    	<entry key="QUERY">
        	<value>
        	SELECT 
			    CD_PREMISA cdPremisa,
			    NB_NOMBRE nbNombre,
			    NB_DESCRIPCION nbDescripcion,
			    FH_ALTA fhAlta,
			    FH_MODIF fhModif,
			    ST_ACTIVO stActivo,
			    ST_VERSE stVerse,
			    CD_SEGMENTO cdSegmento,
			    NU_DIAS_CLIENTE nuDiasCte,
			    NU_DIAS_CUENTA nuDiasCta,
			    NB_CONTEXTO nbContexto,
			    NB_OFICIAL_PLD nbOficialPld,
			    NB_BANCA nbBanca,
			    NB_JURIDICO nbJuridico,
			    ST_OPINION stOpinion,
			    CD_DECISION_FINAL cdDecisionFinal
			FROM 
			    GORAPR.TSCA281_PREMISA
			WHERE 
			    ST_COMPARTIDO = :stCompartido
			ORDER BY
				ST_ACTIVO
          	</value>
      	</entry>
    </util:map>
    
    <util:map id="lstDecisionPremisa" key-type="java.lang.String" value-type="java.lang.String">
    	<entry key="QUERY">
        	<value>
        	SELECT 
			    SUBSTR( 
			        (LISTAGG(CD_DET_CATALOGO || '-') 
			        WITHIN GROUP (ORDER BY NB_VALOR )), 1,
			        LENGTH(
			            (LISTAGG(CD_DET_CATALOGO || '-') 
			        WITHIN GROUP (ORDER BY NB_VALOR ))
			        ) - 1
			    ) cdDetCatalogo,
			    SUBSTR( 
			        (LISTAGG(NB_VALOR || ' - ') 
			        WITHIN GROUP (ORDER BY NB_VALOR )), 1,
			        LENGTH(
			            (LISTAGG(NB_VALOR || ' - ') 
			        WITHIN GROUP (ORDER BY NB_VALOR ))
			        ) - 3
			    ) nbValor,
			    NULL cdCatalogo,
			    2 NU_ORDEN
			FROM 
			    GORAPR.TSCA018_DET_CATALOG
			WHERE 
			    CD_CATALOGO = '26'
			    AND ST_ACTIVO = 'A'
			    AND CD_DETCATPAD = '1'
			UNION
			SELECT
			    NVL(CD_DET_CATALOGO,'') cdDetCatalogo,
			    NVL(NB_VALOR,'') nbValor,
			    NVL(CD_CATALOGO,'') cdCatalogo,
			    1 NU_ORDEN
			FROM 
			    GORAPR.TSCA018_DET_CATALOG
			WHERE
			    CD_CATALOGO = '26'
			    AND ST_ACTIVO = 'A'
			ORDER BY 
			    NU_ORDEN, nbValor DESC
          	</value>
      	</entry>
    </util:map>
    
    <util:map id="lstAccionPremisa" key-type="java.lang.String" value-type="java.lang.String">
    	<entry key="QUERY">
        	<value>
        	SELECT 
				nbValor, cdDetCatalogo, cdCatalogo
			FROM (
				SELECT
					NVL(CD_DET_CATALOGO,'') cdDetCatalogo,
					NVL(NB_VALOR,'') nbValor,
					NVL(CD_CATALOGO,'') cdCatalogo,
					CD_DETCATPAD cdDetCatPad,
					ST_ACTIVO stActivo,
					NB_RAZON nbRazon
				FROM 
					GORAPR.TSCA018_DET_CATALOG
				WHERE 
					CD_CATALOGO = 15
					and ST_ACTIVO = 'A'
					and CD_DETCATPAD = 'F'
					AND NB_VALOR != 'N/A'
			)
			UNION ALL
			SELECT DISTINCT 
				DECODE(nbValor, 'N/A', nbValor, (  SUBSTR(nbValor,1,LENGTH(nbValor) - 3) )) nbValor,
				DECODE(nbValor, 'N/A', cdDetCatalogo, (  SUBSTR(nbValor, 0, 3) )) cdDetCatalogo,
				cdCatalogo
			FROM (
				SELECT
					NVL(CD_DET_CATALOGO,'') cdDetCatalogo,
					NVL(NB_VALOR,'') nbValor,
					NVL(CD_CATALOGO,'') cdCatalogo,
					CD_DETCATPAD cdDetCatPad,
					ST_ACTIVO stActivo,
					NB_RAZON nbRazon
				FROM 
					GORAPR.TSCA018_DET_CATALOG 
				WHERE 
					CD_CATALOGO = 15 AND 
					CD_DETCATPAD = 'F' AND
					ST_ACTIVO = 'A'
			)
	    	ORDER BY
        		nbValor
          	</value>
      	</entry>
    </util:map>
    
    <util:map id="lstCatalogoByCdCatalogo" key-type="java.lang.String" value-type="java.lang.String">
    	<entry key="QUERY">
        	<value>
        	SELECT
			  	DC.CD_DET_CATALOGO cdDetCatalogo,
			  	DC.CD_CATALOGO cdCatalogo,
			  	DC.NB_RAZON nbRazon,
			  	DC.NB_VALOR nbValor,
			  	DC.CD_DETCATPAD cdDetCatPad
			FROM
			  	TSCA018_DET_CATALOG DC
			WHERE
			  	DC.CD_CATALOGO = :cdCatalogo
			ORDER BY 
				DC.NB_VALOR ASC
          	</value>
      	</entry>
    </util:map>
    
    <util:map id="lstCatalogoByCdCatalogoCdDetcatpad" key-type="java.lang.String" value-type="java.lang.String">
    	<entry key="QUERY">
        	<value>
        	SELECT
			  	DC.CD_DET_CATALOGO cdDetCatalogo,
			  	DC.CD_CATALOGO cdCatalogo,
			  	DC.NB_RAZON nbRazon,
			  	DC.NB_VALOR nbValor,
			  	DC.CD_DETCATPAD cdDetCatPad
			FROM
			  	TSCA018_DET_CATALOG DC
			WHERE
			  	DC.CD_CATALOGO = :cdCatalogo
	            AND DC.CD_DETCATPAD = :cdDetcatpad 
	            AND DC.ST_ACTIVO = 'A'
			ORDER BY 
				DC.NB_VALOR ASC
          	</value>
      	</entry>
    </util:map>
    
    <util:map id="lstCasosByCdUsuario" key-type="java.lang.String" value-type="java.lang.String">
    	<entry key="QUERY">
        	<value>
        	SELECT 
        		cdCaso
	          	,cdCasoSica
		        ,nuActa
		        ,nbActa
		        ,nuFolioAlerta
		        ,cdSistema
		        ,imMonto
		        ,cdEstatus
		        ,tpAsignacion
		        ,fhAsignacion
		        ,nbCliente
		        ,cdCliente
		        ,cdPrioridad
		        ,nbPrioridad
		        ,nbConsultor
		        ,nuCuenta
		        ,nbSistema
		        ,nuDiasReportar
		        ,tpCaso
		        ,fhRepAut
		        ,cdStCaso
		        ,fhAlerta
		        ,stActualizar
	        FROM (
	        	SELECT
                	CASIA.CD_CASO_SIA cdCaso,
	                CA.CD_CASO cdCasoSica,
	                CASIA.NU_ACTA nuActa,
	                CASIA.CD_SESION ||'-' || NU_ACTA nbActa,
	                AL.CD_ALERTA nuFolioAlerta,
	                AL.CD_SISTEMA cdSistema,
	                AL.IM_MONTO_ALERTA imMonto,
	                (SELECT NB_CAT_CASOC FROM GORAPR.TSCA044_ST_CASO WHERE ST_CASO = ca.ST_CASO_IN) cdEstatus,
	                (SELECT NB_VALOR FROM TSCA018_DET_CATALOG WHERE CD_DET_CATALOGO = TO_CHAR(CASIA.TP_ASIGNACION)) tpAsignacion,
	                CASIA.FH_ASIGNA_SIA fhAsignacion,
	                (SELECT NB_NOMBRE|| ' ' ||NB_AP_PATERNO || ' ' ||NB_AP_MATERNO FROM TSCA016_CLIENTE WHERE CD_CLIENTE = CA.CD_CLIENTE AND CA.CD_CASO =  CD_CASO) nbCliente,
	                ca.CD_CLIENTE cdCliente,
	                CASIA.CD_PRIORI_ASG cdPrioridad,
	                (SELECT NB_RAZON FROM TSCA018_DET_CATALOG WHERE CD_DET_CATALOGO = CASIA.CD_PRIORI_ASG)nbPrioridad,
	                (SELECT NB_EMPLEADO || ' ' || NB_APPATERNO || ' ' || NB_APMATERNO FROM TSCA010_SIPEMPLEADO WHERE CD_USUARIO = (SELECT NB_USR_RED FROM TSCA024_USUARIO WHERE CD_USUARIO = CASIA.CD_CONSULTOR_SIA)) nbConsultor,
	                AL.NU_CUENTA nuCuenta,
	                (SELECT NB_SISTEMA FROM TSCA006_SISTEMA WHERE CD_SISTEMA = AL.CD_SISTEMA) nbSistema,
	                '' nuDiasReportar,
	                CASIA.TP_CASO tpCaso,
	                CA.FH_DICTAMEN_FIN fhRepAut,
	                CA.ST_CASO_IN cdStCaso,
					AL.FH_ENVIO fhAlerta,
	                CA.ST_ACTUALIZAR stActualizar
               	FROM
                   	TSCA217_REL_CASO_SIA CASIA,
                   	TSCA014_CASO CA,
                   	TSCA013_ALERTA AL
               	WHERE
                   	CASIA.CD_CONSULTOR_SIA = :cdUsuario AND
                   	CA.CD_CASO = CASIA.CD_CASO_SICA AND
                   	AL.CD_ALERTA = CASIA.CD_ALERTA(+) AND
                   	AL.CD_SISTEMA = CASIA.CD_SISTEMA(+) AND
                   	(CA.ST_CASO_IN = 18 OR CA.ST_CASO_IN = 19 )
            )
          	</value>
      	</entry>
    </util:map>
    
    <util:map id="lstCatalogoSistema" key-type="java.lang.String" value-type="java.lang.String">
    	<entry key="QUERY">
        	<value>
        	SELECT
	            CD_SISTEMA cdValor,
	            NB_SISTEMA nbValor
	           
	        FROM
	            GORAPR.TSCA006_SISTEMA
          	</value>
      	</entry>
    </util:map>
    
    <util:map id="lstSesionActaByCdUsuarioNuAnio" key-type="java.lang.String" value-type="java.lang.String">
    	<entry key="QUERY">
        	<value>
        	SELECT DISTINCT 
        		cdValor,
                sesion || '-' || cdValor,
        		nbValor 
        	FROM (
			    SELECT 
			    	NU_ACTA cdValor, 
                    SUBSTR(CD_SESION, -4)|| '-' ||SUBSTR(CD_SESION, 0, 2) sesion,
			    	CD_SESION ||'-' || NU_ACTA nbValor 
				FROM
			    	GORAPR.TSCA217_REL_CASO_SIA
				WHERE 
			    	CD_CONSULTOR_SIA = :cdUsuario
			    	AND SUBSTR(CD_SESION, -4) = :fhAnio
			) 
            ORDER BY 
                sesion || '-' || cdValor 
          	</value>
      	</entry>
    </util:map>
    
    <util:map id="getVistaRapidaHistorico" key-type="java.lang.String" value-type="java.lang.String">
    	<entry key="QUERY">
        	<value>
        	SELECT  
        		t221.NU_FOLIO nuFolio,
        		t221.NU_FOLIO_CA nuFolioSistema,
        		t221.NU_CLIENTE cdCliente,
        		NULL NBCLIENTE,
        		t221.NU_CUENTA nuCuenta
	            t221.FH_DETECCION fhDeteccion
	            t221.FH_REPORTE fhReporte
	            t221.FH_TRANSACCION fhTransaccion
	            t221.FH_OPERACION fhOperacion
	            t221.CD_OFICINA || ' : ' || t003.NB_OFICINA nbOficina
	            t221.NU_EMPLEADO cdEmpleado
	            t221.NB_EMPLEADO nbEmpleado
	            t221.CD_MERCADO || ' : ' || t003.NB_OFICINA nbMercado
	            t221.CD_DIVISION || ' : ' || t003.NB_OFICINA nbDivision
	            t221.IM_LOCAL imLocal
	            t221.IM_OTRA importe
	            NULL opinion
	            t221.FH_PROCESO fhProceso
	            t221.FH_CARGA fhAlerta
	            t221.ST_OPERACION stEstado
	            t221.NU_IDENTIFICACION nuIdentificacion
	            t221.FH_VIGENCIA vigIndentificacion
	            t221.NB_AUTORIDAD autIdentificacion
	            t221.CD_DIVISA cdDivisa
	            t221.NB_REPORTE tipoReporte
	            t221.CD_BANCA || ' : ' || t003.NB_OFICINA  nbBanca
	            t221.CD_SISTEMA || ' : ' || t221.NB_SISTEMA  nbSistema
	            t221.TP_OPERACION tpOperacion
	            t221.NB_OPERACION nbOperacion
	            ' : '  tpInsMonetario
	            t222.FH_NACIMIENTO fhNacimiento
	            t228.FH_APERTURA fhApertura
	            t222.CD_RFC cdRfc
	            t222.CD_CURP cdCurp
	            t071.NB_PRODUCTO tpCuenta
	            t071.NB_SUBPRODUCTO nbProducto
	            t003.NB_RIESGO mePracticas
	            NULL transaccion
            FROM
            	GORAPR.TSCA220_HIST_CASO t220
            	INNER JOIN GORAPR.TSCA221_HIST_OP_REP t221 ON t220.NU_FOLIO_CA = t221.NU_FOLIO_CA
            	INNER JOIN GORAPR.TSCA222_HIST_CTE_REP t222 ON t220.NU_CASO = t222.NU_CASO
            	INNER JOIN GORAPR.TSCA228_HIST_CTA_REP t228 ON t220.NU_CASO = t228.NU_CASO
            	LEFT JOIN GORAPR.TSCA003_OFICINA t003 ON t221.CD_OFICINA = t003.CD_OFICINA
            	LEFT JOIN GORAPR.TSCA071_PRD_SBPRD t071 ON t071.CD_PRODUCTO = t228.CD_PRODUCTO and t071.CD_SUBPRODUCTO = t228.CD_SUBPRODUCTO
            WHERE
				t220.NU_CASO = :cdCaso
          	</value>
      	</entry>
    </util:map>
    
    <util:map id="getVistaRapida" key-type="java.lang.String" value-type="java.lang.String">
    	<entry key="QUERY">
        	<value>
        	SELECT DISTINCT
            	ALT.TX_MEJORES_PRAC mePracticas
                ,RO.NB_DSC_OPE_INU || ' ' || RO.NB_RAZ_OPE_INU transaccion
                ,CA.CD_CASO nuFolio
                ,ALT.CD_SISTEMA nuFolioSistema
                ,ALT.CD_CLIENTE cdCliente
                ,CL.NB_NOMBRE || ' ' || CL.NB_AP_PATERNO || ' ' || CL.NB_AP_MATERNO nbCliente
                ,ALT.NU_CUENTA nuCuenta
                ,ALT.FH_ENVIO fhDeteccion
                ,CA.FH_DICTAMEN_FIN fhReporte
                ,ALT.FH_TRANACCION fhTransaccion
                ,ALT.FH_ALERTA fhOperacion
                ,t240.CD_OFICINA || ' : ' || t240.NB_OFICINA nbOficina
                ,US.NB_USR_RED cdEmpleado
                ,EMP.NB_EMPLEADO || ' ' || EMP.NB_APPATERNO || ' ' || EMP.NB_APMATERNO nbEmpleado
                ,t240.CD_MERCADO || ': ' || t240.NB_MERCADO nbMercado
                ,t240.CD_DIVISION || ' : ' || t240.NB_DIVISION  nbDivision
                ,ALT.IM_MONTO_ALERTA imLocal
                ,ALT.IM_MONTO_ALERTA importe
                ,(SELECT op.nb_valor FROM GORAPR.tsca018_det_catalog op
                	WHERE to_number(OP.cd_det_catalogo) = RCS.CD_DECISION_FINAL
                    and cd_catalogo = 15
                ) opinion
                ,ALT.FH_PROCESO fhProceso
                ,CA.FH_DICTAMEN_FIN fhAlerta
                ,(CASE WHEN CA.ST_CASO = 3 AND ST_CASO_IN IS NULL THEN
                	(SELECT STC.NB_CAT_CASOC FROM GORAPR.TSCA044_ST_CASO STC  WHERE STC.ST_CASO = CA.ST_CASO) ELSE
                    (SELECT STC.NB_CAT_CASOL FROM GORAPR.TSCA044_ST_CASO STC  WHERE STC.ST_CASO = CA.ST_CASO_IN)
                END) stEstado
                ,HOR.NU_IDENTIFICACION nuIdentificacion
                ,HOR.FH_VIGENCIA vigIndentificacion
                ,HOR.NB_AUTORIDAD autIdentificacion
                ,ALT.CD_DIVISA cdDivisa
                ,HOR.NB_REPORTE tipoReporte
                ,t240.CD_BANCA || ' : ' || t240.NB_BANCA nbBanca
                ,SIS.CD_SISTEMA || ' : ' || SIS.NB_SISTEMA nbSistema
                ,RO.TP_OPERAC tpOperacion
                ,TPO.TP_OPERAC || ' : ' || TPO.NB_OPERAC nbOperacion
                ,RO.CD_INS_MON || ' : ' || INSM.NB_INS_MON tpInsMonetario
                ,CL.FH_NACIMIENTO fhNacimiento
                ,CU.FH_APERTURA fhApertura
                ,CL.CD_RFC cdRfc
                ,CL.CD_CURP cdCurp
                ,CU.TP_CUENTA tpCuenta
                ,(SELECT NB_PRODUCTO FROM GORAPR.TSCA071_PRD_SBPRD PRDS WHERE PRDS.CD_PRODUCTO = CU.CD_PRODUCTO AND PRDS.CD_SUBPRODUCTO = CU.CD_SUBPRODUCTO) nbProducto
            FROM   
            	GORAPR.TSCA014_CASO CA
                inner join GORAPR.TSCA016_CLIENTE CL on (CA.CD_CASO = CL.CD_CASO AND CL.CD_CLIENTE = CA.CD_CLIENTE )
                inner join GORAPR.TSCA013_ALERTA ALT on ALT.CD_CASO = CA.CD_CASO
                inner join GORAPR.TSCA006_SISTEMA SIS on SIS.CD_SISTEMA = ALT.CD_SISTEMA
                left join GORAPR.TSCA017_CUENTA CU on (CA.CD_CASO = CU.CD_CASO AND SUBSTR(CU.NU_CUENTA,-10) = ALT.NU_CUENTA)
                left join GORAPR.TSCA046_ROPEINU RO on CA.CD_CASO = RO.CD_CASO
                left join GORAPR.TSCA217_REL_CASO_SIA RCS on (RCS.CD_CASO_SICA = CA.CD_CASO AND ALT.CD_SISTEMA = RCS.CD_SISTEMA AND RCS.CD_ALERTA = ALT.CD_ALERTA)
                left join GORAPR.TSCA070_ALERTA_DET ALTD on (ALTD.CD_ALERTA = ALT.CD_ALERTA AND ALTD.CD_SISTEMA = ALT.CD_SISTEMA)
                left join GORAPR.TSCA029_TP_OPERAC TPO on TPO.TP_OPERAC = RO.TP_OPERAC
                left join GORAPR.TSCA221_HIST_OP_REP HOR on HOR.NU_CUENTA = CU.NU_CUENTA
                left join GORAPR.TSCA240_OFICINA_GR t240 on t240.CD_CASO = RCS.CD_CASO_SIA and t240.TP_OFICINA = 'R'
                left join GORAPR.TSCA010_SIPEMPLEADO EMP on (CA.CD_USUARIO = EMP.NU_NOMINA)
                left join GORAPR.TSCA040_INST_MON INSM on INSM.CD_INS_MON = RO.CD_INS_MON
                left join GORAPR.TSCA024_USUARIO US on US.CD_USUARIO = CA.CD_USUARIO
            WHERE 
            	CA.CD_CASO = :cdCaso
	            AND ALT.CD_SISTEMA = :cdSistema
	            AND ALT.CD_ALERTA = :cdAlerta
	            AND SUBSTR(ALT.NU_CUENTA,-10) = SUBSTR(:nuCuenta,-10)
          	</value>
      	</entry>
    </util:map>
    
    <util:map id="getDatosGenerales" key-type="java.lang.String" value-type="java.lang.String">
    	<entry key="QUERY">
        	<value>
        	SELECT
	            CASE WHEN (SELECT DISTINCT LISTAGG(CD_CASOSICA_H, ',') WITHIN GROUP (ORDER BY CD_CASOSIA_P) FROM TSCA241_PADRE_HIJO WHERE CD_CASOSIA_P = T217.CD_CASO_SIA) IS NOT NULL
	            THEN T217.CD_CASO_SICA || ','||(SELECT DISTINCT LISTAGG(CD_CASOSICA_H, ',') WITHIN GROUP (ORDER BY CD_CASOSIA_P) FROM TSCA241_PADRE_HIJO WHERE CD_CASOSIA_P = T217.CD_CASO_SIA)
	            ELSE TO_CHAR(T217.CD_CASO_SICA) END nuFolio,
	            (SELECT SUBSTR(NB_EMPLEADO,1,1) ||''|| SUBSTR(NB_APPATERNO,1,1) ||''|| SUBSTR(NB_APMATERNO,1,1) || '' FROM TSCA010_SIPEMPLEADO WHERE CD_USUARIO = (SELECT NB_USR_RED FROM TSCA024_USUARIO WHERE CD_USUARIO = T217.CD_CONSULTOR_SIA )) nbConsultor,
	            '' nuFolios,
	            (SELECT NB_VALOR FROM GORAPR.TSCA018_DET_CATALOG WHERE CD_DET_CATALOGO = CAST( T217.TP_ASIGNACION AS VARCHAR(3) ) ) cdTipo ,
	            (SELECT NB_VALOR FROM GORAPR.TSCA018_DET_CATALOG WHERE CD_DET_CATALOGO = T217.CD_PRIORI_ASG)cdPrioridadCed2,
	            T217.CD_PRIORI_ASG  cdPrioridad,
	            (SELECT DISTINCT LISTAGG(CD_CASO, ',') WITHIN GROUP (ORDER BY CD_CASO) FROM GORAPR.TSCA017_CUENTA WHERE NU_CUENTA = AL.NU_CUENTA AND CD_CASO != T217.CD_CASO_SICA) ||' '|| (SELECT DISTINCT LISTAGG(NU_CASO, ',') WITHIN GROUP (ORDER BY NU_CASO) FROM GORAPR.TSCA228_HIST_CTA_REP WHERE NU_CUENTA = AL.NU_CUENTA) nuCasos,
	            T217.CD_ALERTA nuFolioBase,
	            (SELECT NB_SISTEMA FROM TSCA006_SISTEMA WHERE CD_SISTEMA = AL.CD_SISTEMA) cdSistema,
	            AL.NU_CUENTA nuCuentaReportada,
	            AL.IM_MONTO_ALERTA imReportado,
	            TO_CHAR(AL.IM_MONTO_ALERTA, '9,999,999,990.00') || ' - ' || (SELECT CD_DIVISA FROM GORAPR.TSCA005_DIVISA WHERE CD_DIVISA = AL.CD_DIVISA) importeDivisa,
	              (CASE WHEN CA.CD_DIVISA IS NULL THEN  AL.CD_DIVISA
	                  WHEN  CA.CD_DIVISA IS NOT NULL  THEN CA.CD_DIVISA  END) cdDivisa,
	            AL.FH_ALERTA fhOperacion,
	            AL.FH_ENVIO fhDeteccion,
	            CA.FH_DICTAMEN_FIN fhReporteBuzon,
	            T217.FH_ASIGNA_SIA fhAsignacion,
	            T217.CD_SESION || '-' || T217.NU_ACTA  cdSesion,
	            CA.IM_MONTO imReportadoNuevo,
	              T217.CD_CASO_SICA nuFolioAlerta,
	            TO_CHAR(CA.IM_MONTO, '9,999,999,990.00') || ' - ' || 
	             (CASE WHEN CA.CD_DIVISA IS NULL THEN  (SELECT CD_DIVISA FROM GORAPR.TSCA005_DIVISA WHERE CD_DIVISA = AL.CD_DIVISA)
	                  WHEN  CA.CD_DIVISA IS NOT NULL  THEN  (SELECT CD_DIVISA FROM GORAPR.TSCA005_DIVISA WHERE CD_DIVISA = CA.CD_DIVISA)  END) importeDivisaCed2,
	            (SELECT NB_RAZON FROM GORAPR.TSCA018_DET_CATALOG WHERE CD_DET_CATALOGO = T217.CD_DECISION_FINAL) decisionFinal,
	            (select T018.nb_valor from TSCA018_DET_CATALOG T018 where T018.cd_det_catalogo = CAST( T217.CD_INUSUAL AS VARCHAR2(3))) cdInusual,
	            (select T018.nb_valor from TSCA018_DET_CATALOG T018 where T018.cd_det_catalogo = CAST( T217.CD_PREDICTAMEN AS VARCHAR2(3))) opinionPrevia,
	             CA.FH_RECONSIDERA fhReconsideracion  
	             , AL.NB_MULTIBANCA nbMultibanca,
	             T217.CD_SESION_IN cdSesionIn
	        FROM
	            TSCA013_ALERTA AL
	            INNER JOIN TSCA014_CASO CA ON CA.CD_CASO = AL.CD_CASO
	            LEFT JOIN GORAPR.TSCA217_REL_CASO_SIA T217 ON T217.CD_CASO_SICA = CA.CD_CASO
	       
	        WHERE
	            AL.CD_CASO = :cdCaso
	            AND AL.CD_ALERTA = :nuFolioAlerta
          	</value>
      	</entry>
    </util:map>
    
    <util:map id="lstCatalogoDivisa" key-type="java.lang.String" value-type="java.lang.String">
    	<entry key="QUERY">
        	<value>
        	SELECT 
			    cdValor,
			    nbValor,
			    nuOrden
			FROM (
			    SELECT
			        DI.CD_DIVISA cdValor,
			        DI.NB_DIVISA nbValor,
			        1 nuOrden
			    FROM
			        TSCA005_DIVISA DI
			    WHERE
			        DI.CD_DIVISA IN ('MXP','USD','EUR')
			    UNION ALL
			    SELECT
			        DI.CD_DIVISA cdValor,
			        DI.NB_DIVISA nbValor,
			        2 nuOrden
			    FROM
			        TSCA005_DIVISA DI
			    WHERE
			        DI.CD_DIVISA NOT LIKE ('MXP')
			        AND DI.CD_DIVISA NOT LIKE ('USD')
			        AND DI.CD_DIVISA NOT LIKE ('EUR')
			)
			ORDER BY
			    nuOrden, nbValor
          	</value>
      	</entry>
    </util:map>
    
    <util:map id="getComentariosGenerales" key-type="java.lang.String" value-type="java.lang.String">
    	<entry key="QUERY">
        	<value>
        	SELECT
				T234.CD_CASO cdCasoSia,
		        T234.CD_PAGINA_WEB cdPaginaWeb,
		        T234.NB_PAGINA_WEB nbPaginaWeb,
		        T234.CD_MAP_CASA cdMapCasa,
		        T234.NB_MAPS nbMaps,
		        T234.CD_OTR_NO_CTE cdOtrNoCte,
		        T234.NB_OTR_NO_CTE nbOtrNoCte,
		        T234.CD_NOT_PERIODICO cdNotPeriodico,
		        T234.NB_NOT_PERIODICO nbNotPeriodico,
		        T234.ST_CTE_CALI stCteCali,
		        T234.ST_PAR_REP_PREVIO stParRepPrevio,
		        T234.ST_CTE_ALTO_RIESGO stCteAltoRiesgo,
		        T234.ST_PAR_ALTO_RIESGO stParAltoRiesgo,
		        T234.ST_CTE_LST_PER_BLOQ stCteLstPerBloq,
		        T234.ST_CTE_LST_PEPS stCteLstPeps,
		        T234.ST_CTA_REP_BLOQ stCtaRepBloq,
		        T234.NB_CTE_CALI nbCteCali,
		        T234.NB_PAR_REP_PREVIO nbParRepPrevio,
		        T234.NB_CTE_ALTO_RIESGO nbCteAltoRiesgo,
		        T234.NB_PAR_ALTO_RIESGO nbParAltoRiesgo,
		        T234.NB_CTE_LST_PER_BLOQ nbCteLstPerBloq,
		        T234.NB_CTE_LST_PEPS nbCteLstPeps,
		        T234.NB_CTA_REP_BLOQ nbCtaRepBloq
			FROM
		    	GORAPR.TSCA234_DET_PERIODICA T234
		    WHERE
		        T234.CD_CASO = :cdCasoSia
          	</value>
      	</entry>
    </util:map>
    
    <util:map id="getCuadrosTexto" key-type="java.lang.String" value-type="java.lang.String">
    	<entry key="QUERY">
        	<value>
        	SELECT
				TX_RAZON_INUSUAL nbRazonesInusual,
	           	TX_MOTIVO_REPOR nbDescripcionOperacion,
	           	TX_GENERAL nbComentariosGenerales217,
	           	TX_MOTIVO_REPOR nbDescripcionOperacion
	        FROM
	            GORAPR.TSCA217_REL_CASO_SIA
	        WHERE
	            CD_CASO_SIA = :cdCasoSia
          	</value>
      	</entry>
    </util:map>
    
    <util:map id="getDatosGeneralesByClienteReportado" key-type="java.lang.String" value-type="java.lang.String">
    	<entry key="QUERY">
        	<value>
        	SELECT
	            CL.CD_CLIENTE AS nuCliente,
	            CL.NB_NOMBRE AS nbCliente,
	            Case when (CL.NB_AP_PATERNO is null) then ' '
	                 ELSE CL.NB_AP_PATERNO
	                 END AS apPaterno,
	            Case when (CL.NB_AP_MATERNO is null) then ' '
	                 ELSE CL.NB_AP_MATERNO
	                 END AS apMaterno,
	            CL.NB_TEL1 AS nuTelParticular,
	            CL.NB_TEL2 AS nuTelOficina,
	            TO_CHAR( CL.FH_NACIMIENTO, 'dd/mm/yyyy' )||' '||CL.NB_CUMPLIDO AS fhNacimiento,
	            CL.FH_ALTA_CTE AS fhAntiguedad,
	            CL.CD_RFC||CL.CD_HOMONIMIA AS nuRFC,
	            CL.NB_DIREC1 || ' Col. ' || CL.NB_DIREC2 || ' C.P. ' || CL.CD_POSTAL AS nbDomicilio,
	            CL.CD_NACIONALIDAD AS nbNacionalidad,
	            CL.NB_POBLACION AS nbCiudadPoblacion,
	            (SELECT NB_ESTADO FROM TSCA120_ESTADOS WHERE CD_ESTADO = CL.CD_ESTADO) AS nbEntidadFederativa,
	            CL.CD_SECTOR AS cdSectorD,
	            (SELECT CD_SECTOR||' '||NB_SECTOR FROM GORAPR.TSCA037_SECTOR WHERE CD_SECTOR = CL.CD_SECTOR) AS fhRepotpPersonarteBuzon,
	            CL.CD_ACT_BANXICO AS nbActividadBanxico,
	            (SELECT NB_ACT_BANXICO FROM GORAPR.TSCA051_ACT_BANXICO WHERE CD_ACT_BANXICO = CL.CD_ACT_BANXICO) AS nbActividadBanxicoCed2,
	            CL.TP_PERSONA AS tipoPersona,
	              ( SELECT  T.NB_VALOR_FIN ||' '|| T.NB_VALOR_INI FROM GORAPR.TSCA012_PARAMETRO T
	             WHERE CD_PARAMETRO = '21' AND T.NB_VALOR_FIN = CL.ST_CALIF_CTE ) nbSegmentoCte            
	        FROM
	            TSCA016_CLIENTE CL
	               
	        WHERE
	            CL.CD_CLIENTE = :cdCliente
	            AND CL.CD_CASO = :cdCaso
          	</value>
      	</entry>
    </util:map>
    
    <util:map id="lstActividadBanxicoSia" key-type="java.lang.String" value-type="java.lang.String">
    	<entry key="QUERY">
        	<value>
        	SELECT
				CD_ACT_BANXICO AS cdValor,
	            NB_ACT_BANXICO AS nbValor           
	       	FROM
	            GORAPR.TSCA051_ACT_BANXICO
	       	ORDER BY 
	       		NB_ACT_BANXICO
          	</value>
      	</entry>
    </util:map>
    
    <util:map id="lstCuentasRelacionadas" key-type="java.lang.String" value-type="java.lang.String">
    	<entry key="QUERY">
        	<value>
        	SELECT
          		NU_CUENTA AS cdValor
        	FROM
          		TSCA017_CUENTA
        	WHERE
          		CD_CASO = :cdCasoSica
          		AND ST_CUENTA IS NULL
          	ORDER BY 
          		IM_SALDO DESC
          	</value>
      	</entry>
    </util:map>
    
    <util:map id="getCuadroConceptoTotal" key-type="java.lang.String" value-type="java.lang.String">
    	<entry key="QUERY">
        	<value>
        	SELECT
            	NB_CONCEPTO nbConceptoTCF,
	          	NU_CARGO nuMovimientosTCF,
	          	IM_CARGO imMontoTCF,
	          	NU_POR_CARGO nuPorcentajeTCF,
	          	NU_PRO_CARGO nuPromedioTCF,
	          	NU_ABONO nuMovimientosATCF,
	          	IM_ABONO imMontoATCF,
	          	NU_POR_ABONO nuPorcentajeATCF,
	          	NU_PRO_ABONO nuPromedioATCF
	    	FROM
	          	TSCA211_CUAD_CONCEPTO
	    	WHERE
	          	CD_CASO  = :cdCasoSica AND 
		        NU_CUENTA = :nuCuenta AND
	          	NB_CONCEPTO LIKE '%TOTAL GENERAL%'
          	</value>
      	</entry>
    </util:map>
    
    <util:map id="getOficinaGestoraReporta" key-type="java.lang.String" value-type="java.lang.String">
    	<entry key="QUERY">
        	<value>
        	SELECT
	            CD_OFICINA AS nuOficina,
	            NB_OFICINA AS nbOficina,
	            NB_RIESGO AS cdRiesgo,
	            NB_MERCADO AS nbMercado,
	            NB_DIVISION AS cdDivision,
	            NB_BANCA AS nbBanca,
	            NB_FUNCIONARIO AS nbFuncionario
	        FROM
	            GORAPR.TSCA240_OFICINA_GR
	        WHERE
	            CD_CASO = :cdCaso
	            AND TP_OFICINA LIKE '%'|| :tpOficina || '%'
          	</value>
      	</entry>
    </util:map>
    
    <util:map id="lstMecanicaOperacional" key-type="java.lang.String" value-type="java.lang.String">
    	<entry key="QUERY">
        	<value>
        	SELECT 
        		cdCuadroTC,
        		nbConceptoTC,
        		nuMovimientosTC,
        		imMontoTC,
        		nuPorcentajeTC,
        		nuPromedioTC,
        		nuMovimientosATC,
        		imMontoATC,
        		nuPorcentajeATC,
        		nuPromedioATC 
        	FROM (
        		SELECT
		        	CD_CUAD_CONCEPTO cdCuadroTC,
		          	NB_CONCEPTO nbConceptoTC,
		          	NU_CARGO nuMovimientosTC,
		          	IM_CARGO imMontoTC,
		          	NU_POR_CARGO nuPorcentajeTC,
		          	NU_PRO_CARGO nuPromedioTC,
		          	NU_ABONO nuMovimientosATC,
		          	IM_ABONO imMontoATC,
		          	NU_POR_ABONO nuPorcentajeATC,
		          	NU_PRO_ABONO nuPromedioATC
		        FROM
		            TSCA211_CUAD_CONCEPTO
		        WHERE
		            CD_CASO  = :cdCasoSica AND 
		            NU_CUENTA = :nuCuenta AND
		            NB_CONCEPTO NOT LIKE '%TOTAL GENERAL%'
		        ORDER BY 
		        	CD_CUAD_CONCEPTO, CD_CASO, NU_CUENTA
        	)
          	</value>
      	</entry>
    </util:map>
    
    <util:map id="getMotivoReporte" key-type="java.lang.String" value-type="java.lang.String">
    	<entry key="QUERY">
        	<value>
        	SELECT
	            (NB_DSC_OPE_INU || CHR(10) || NB_RAZ_OPE_INU) txMotivoReporte
	        FROM
	            GORAPR.TSCA046_ROPEINU
	        WHERE
	            CD_CASO = :cdCasoSica
          	</value>
      	</entry>
    </util:map>
    
    <util:map id="lstNacionalidad" key-type="java.lang.String" value-type="java.lang.String">
    	<entry key="QUERY">
        	<value>
        	SELECT
	        	CD_NACIONALIDAD cdValor,
	        	NB_NACIONALIDAD nbValor
			FROM
				GORAPR.TSCA233_NACIONALIDAD
	      	ORDER BY 
	      		NB_NACIONALIDAD
          	</value>
      	</entry>
    </util:map>
    
    <util:map id="lstPersonasPLD" key-type="java.lang.String" value-type="java.lang.String">
    	<entry key="QUERY">
        	<value>
        	SELECT
	        	CD_SECTOR cdValor,
	          	NB_SECTOR nbValor
	    	FROM
	        	GORAPR.TSCA037_SECTOR
	     	WHERE
	        	CD_SECTOR IN ('O95','F89','O90','O96','G92','M91','O98','O97','O93','O94')
	     	ORDER BY 
	     		nbValor
          	</value>
      	</entry>
    </util:map>
    
    <util:map id="lstOperacionMonetaria" key-type="java.lang.String" value-type="java.lang.String">
    	<entry key="QUERY">
        	<value>
        	SELECT
				TP.TP_OPERAC cdValor,
	        	TP.NB_OPERAC nbValor
			FROM
	        	TSCA029_TP_OPERAC TP
			ORDER BY
	        	TP.NB_OPERAC
          	</value>
      	</entry>
    </util:map>
    
    <util:map id="lstInstrumentoMonetario" key-type="java.lang.String" value-type="java.lang.String">
    	<entry key="QUERY">
        	<value>
        	SELECT
          		IM.CD_INS_MON cdValor,
            	IM.NB_INS_MON nbValor
        	FROM
          		TSCA040_INST_MON IM
        	ORDER BY
          		IM.NB_INS_MON
          	</value>
      	</entry>
    </util:map>
    
    <util:map id="lstDelito" key-type="java.lang.String" value-type="java.lang.String">
    	<entry key="QUERY">
        	<value>
        	SELECT 
	      		CD_DELITO cdValor, 
	      		NB_DELITO nbValor
			FROM 
				GORAPR.TSCA301_DELITO 
			WHERE 
				ST_DELITO = 'A'
          	</value>
      	</entry>
    </util:map>
    
    <util:map id="getInformacionPLD" key-type="java.lang.String" value-type="java.lang.String">
    	<entry key="QUERY">
        	<value>
        	SELECT 
	            T233.NB_NACIONALIDAD nbNacionalidad,      
	            T037.NB_SECTOR tpPersona,
	            T_CAT_ACT.NB_VALOR nbActividadNegocio,      
	            T_CAT_ORDP.NB_VALOR nbOrdenPago,      
	            T029.NB_OPERAC tpOperacion,      
	            T040.NB_INS_MON nbInstrumentoMonetario,      
	            T_CAT_TIPO.NB_VALOR nbTipoligia,      
	            T_CAT_ORG_AL.NB_VALOR nbOrigen,
	            T301.NB_DELITO nbDelito
	        FROM   
	            GORAPR.TSCA236_CNI_CLIENTE T236
	            LEFT JOIN GORAPR.TSCA233_NACIONALIDAD T233 ON T236.CD_NACIONALIDAD = T233.CD_NACIONALIDAD
	            LEFT JOIN(      
	              SELECT CD_SECTOR AS TP_PERSONA, NB_SECTOR FROM GORAPR.TSCA037_SECTOR
	            )T037 ON T236.TP_PERSONA = T037.TP_PERSONA
	            LEFT JOIN(      
	              SELECT NB_VALOR, CD_DET_CATALOGO FROM GORAPR.TSCA018_DET_CATALOG WHERE CD_CATALOGO = 19
	            )T_CAT_ACT ON T236.CD_ACTIVIDAD = T_CAT_ACT.CD_DET_CATALOGO
	            LEFT JOIN(      
	              SELECT NB_VALOR, CD_DET_CATALOGO FROM GORAPR.TSCA018_DET_CATALOG WHERE CD_CATALOGO = 17
	            )T_CAT_ORDP ON T236.CD_ORDEN_PAGO = T_CAT_ORDP.CD_DET_CATALOGO
	            LEFT JOIN GORAPR.TSCA029_TP_OPERAC T029 ON T236.TP_OPERACION = T029.TP_OPERAC
	            LEFT JOIN GORAPR.TSCA040_INST_MON T040 ON TO_NUMBER(T236.CD_INSTRUMENTO) = T040.CD_INS_MON
	            LEFT JOIN(      
	              SELECT NB_VALOR, CD_DET_CATALOGO FROM GORAPR.TSCA018_DET_CATALOG WHERE CD_CATALOGO = 24
	            )T_CAT_TIPO ON T236.CD_TIPOLOGIA = T_CAT_TIPO.CD_DET_CATALOGO
	            LEFT JOIN(      
	              SELECT NB_VALOR, CD_DET_CATALOGO FROM GORAPR.TSCA018_DET_CATALOG WHERE CD_CATALOGO = 18
	            )T_CAT_ORG_AL ON T236.CD_ORIGEN_ALERTA = T_CAT_ORG_AL.CD_DET_CATALOGO
	            LEFT JOIN GORAPR.TSCA301_DELITO T301 ON T301.CD_DELITO = T236.CD_DELITO
	        WHERE  
	              T236.CD_CASO = :cdCasoSia
          	</value>
      	</entry>
    </util:map>
    
    <util:map id="lstUsuariosByPerfilAndCdSistema" key-type="java.lang.String" value-type="java.lang.String">
    	<entry key="QUERY">
        	<value>
        	SELECT
	            US.NB_USR_RED cdValor,
	            (SE.NB_EMPLEADO || ' ' || SE.NB_APPATERNO) nbValor
	        FROM
	            GORAPR.TSCA024_USUARIO US      
	            INNER JOIN GORAPR.TSCA010_SIPEMPLEADO SE ON US.CD_USUARIO = SE.NU_NOMINA
	        WHERE
	            US.CD_PERFIL_A = :cdPerfilA
	            AND US.ST_SISTEMA = :stSistema
          	</value>
      	</entry>
    </util:map>
    
    <util:map id="lstReportes" key-type="java.lang.String" value-type="java.lang.String">
    	<entry key="QUERY">
        	<value>
        	SELECT
        		cdReporte,
	            nbReporte,
	            nbTipo,
	           	nbUsuario,
                tpReporte
	        FROM (
	        	SELECT
	            	TSCA202.CD_REPORTE cdReporte,
	              	TSCA202.NB_REPORTE nbReporte ,
	              	TSCA200.NB_TP_REPORTE nbTipo,
	              	TSCA024.NB_USR_RED nbUsuario,
	              	TSCA202.TP_REPORTE tpReporte
	          	FROM 
	          		GORAPR.TSCA202_GEN_REPORTE TSCA202
	          		INNER JOIN GORAPR.TSCA024_USUARIO TSCA024 on TSCA024.CD_USUARIO = TSCA202.CD_USUARIO
	          		INNER JOIN GORAPR.TSCA200_TP_GEN_REP TSCA200 on TSCA200.CD_TP_REPORTE = TSCA202.TP_REPORTE
	          	ORDER BY 
	          		TSCA202.CD_REPORTE
          	)
          	</value>
      	</entry>
    </util:map>
    
    <util:map id="lstTpReporte" key-type="java.lang.String" value-type="java.lang.String">
    	<entry key="QUERY">
        	<value>
        	SELECT 
        		TO_CHAR(A.CD_TP_REPORTE) cdValor,
        		A.NB_TP_REPORTE nbValor 
        	FROM 
        		GORAPR.TSCA200_TP_GEN_REP A
          	</value>
      	</entry>
    </util:map>
    
    <util:map id="lstDetalleTpReporte" key-type="java.lang.String" value-type="java.lang.String">
    	<entry key="QUERY">
        	<value>
        	SELECT
        		TO_CHAR(A.CD_DET_TP_REPO) cdValor,
        		A.NB_VISTA nbValor
        	FROM 
        		GORAPR.TSCA201_DET_TP_REPO A  
        	WHERE  
        		A.CD_TP_REPORTE = :tpReporte
          	</value>
      	</entry>
    </util:map>
    
    <util:map id="getDetalleReporte" key-type="java.lang.String" value-type="java.lang.String">
    	<entry key="QUERY">
        	<value>
        	SELECT 
        		b.CD_REPORTE cdReporte,
              	b.NB_REPORTE nbReporte,
              	b.TP_REPORTE cdTipoReporte
      		FROM 
      			GORAPR.TSCA203_DET_GEN_REP a 
            	INNER JOIN GORAPR.TSCA202_GEN_REPORTE b on a.CD_REPORTE = b.CD_REPORTE   
      		WHERE 
      			a.CD_REPORTE = :tpReporte
          	</value>
      	</entry>
    </util:map>
    
    <util:map id="getDetalleReporteAsignado" key-type="java.lang.String" value-type="java.lang.String">
    	<entry key="QUERY">
        	<value>
        	SELECT
	            A.CD_DET_TP_REPO cdColumna,
	            A.NB_VISTA nbColumna, 
	            B.NB_CAMPO nbOrden
       		FROM GORAPR.TSCA201_DET_TP_REPO A    
            	INNER JOIN GORAPR.TSCA203_DET_GEN_REP B ON (A.CD_DET_TP_REPO = B.CD_DET_TP_REPORTE AND A.CD_TP_REPORTE = B.CD_TP_REPORTE)
       		WHERE 
       			A.CD_TP_REPORTE = :cdTpReporte
       			AND B.CD_REPORTE = :cdReporte
          	</value>
      	</entry>
    </util:map>
    
    <util:map id="getDetalleReporteNoAsignado" key-type="java.lang.String" value-type="java.lang.String">
    	<entry key="QUERY">
        	<value>
        	SELECT
        		A.CD_DET_TP_REPO cdColumna,
        		A.NB_VISTA nbColumna 
        	FROM 
        		GORAPR.TSCA201_DET_TP_REPO A     
      		WHERE 
      			A.CD_TP_REPORTE = :cdTpReporte 
      			AND A.CD_DET_TP_REPO
           		NOT IN (
           			SELECT 
           				b.CD_DET_TP_REPORTE 
           			FROM 
           				GORAPR.TSCA203_DET_GEN_REP b 
           			WHERE 
           				b.CD_REPORTE = :cdReporte
           		)
          	</value>
      	</entry>
    </util:map>
    
    <util:map id="lstMovimientosSia" key-type="java.lang.String" value-type="java.lang.String">
    	<entry key="QUERY">
        	<value>
        	SELECT
        		nuNumero,
		        cdCaso,
		        fhMovimiento,
		        nuCuenta,
		        cdOficina,
		        nbOficina,
		        nbConcepto,
		        nbTipoMovimiento,
		        imMonto,
		        cdDivisa,
		        imEfectivo,
		        nbDescripcion,
		        nbTerminal,
		        nbHoraOpe,
		        cdCentro,
		        nuCtaContraParteMov,
		        nuClienteMov,
		        nbClienteMov,
		        nbApePaternoMov,
		        nbApeMaternoMov,
		        tpPersonaMov,
		        nbConceptoMov,
		        nuChequeMov,
		        imOperacionMov,
		        nbProductoMov,
		        cdCasosSiaMov,
		        stCuentaMov,
		        cdRfcMov,
		        nbActividadMov,
		        nbInterMov,
		        cdCentroContMov,
		        cdTerminalMov,
		        nbHmMov,
		        cdCentroMov
        	FROM (
	        	SELECT 
	        		MOV.NU_MOVIMIENTO nuNumero,
		            MOV.CD_CASO cdCaso,
		            MOV.FH_OPERACION fhMovimiento,
		            MOV.NU_CUENTA nuCuenta,
		            MOV.CD_CENTRO cdOficina,
		            CONCAT(OFI.CD_OFICINA, CONCAT(' - ',NB_OFICINA)) nbOficina,
		            MOV.CD_REF_INTERNA nbConcepto,
		            MOV.ST_CARGO_ABONO nbTipoMovimiento,
		            abs(MOV.IM_IMPORTE) imMonto,
		            MOV.CD_DIVISA cdDivisa,
		            MOV.IM_IMPORTE imEfectivo,
		            MOV.CD_REF_INTERNA || ' TRAMITADO EN LA SUC. ' || OFI.CD_OFICINA || '-' || OFI.NB_OFICINA || ' TERMINAL ' || MOV.NB_TERMINAL  || ' A LAS ' || MOV.NB_HORA_OPE nbDescripcion,
		            MOV.NB_TERMINAL nbTerminal,
		            MOV.NB_HORA_OPE nbHoraOpe,
		            (SELECT CD_OFICINA || ' - ' || NB_OFICINA FROM TSCA003_OFICINA WHERE CD_OFICINA = MOV.CD_CENTRO) cdCentro,
		            DETMOV.CD_CUENTA nuCtaContraParteMov,
		            DETMOV.CD_CLIENTE nuClienteMov,
		            DETMOV.NB_CLIENTE nbClienteMov,
		            DETMOV.NB_AP_PATERNO nbApePaternoMov,
		            DETMOV.NB_AP_MATERNO nbApeMaternoMov,
		            DETMOV.TP_PERSONA tpPersonaMov,
		            DECODE(DETMOV.CD_REF_INTERNA,NULL,NB_CONCEPTO,DETMOV.CD_REF_INTERNA) nbConceptoMov,
		            DETMOV.NU_CHEQUE nuChequeMov,
		            DECODE(DETMOV.IM_OPERACION,NULL,abs(MOV.IM_IMPORTE),DETMOV.IM_OPERACION) imOperacionMov,
		            DETMOV.NB_PRODUCTO nbProductoMov,
		            DETMOV.CD_CASOS_SIA cdCasosSiaMov,
		            DETMOV.ST_CUENTA stCuentaMov,
		            DETMOV.CD_RFC cdRfcMov,
		            DETMOV.NB_ACTIVIDAD nbActividadMov,
		            DETMOV.NB_INTER nbInterMov,
		            DECODE(DETMOV.CD_CENTRO_CONT,NULL,CONCAT(OFI.CD_OFICINA, CONCAT(' - ',NB_OFICINA)),DETMOV.CD_CENTRO_CONT) cdCentroContMov,
		            DECODE(DETMOV.CD_TERMINAL,NULL,MOV.NB_TERMINAL,DETMOV.CD_TERMINAL) cdTerminalMov,
		            DECODE(DETMOV.HM_MOV,NULL, MOV.NB_HORA_OPE,DETMOV.HM_MOV) nbHmMov,
		            DETMOV.CD_CENTRO cdCentroMov
				FROM  
					GORAPR.TSCA267_MOV_BG MOV,
		            TSCA003_OFICINA OFI,
		            TSCA239_DETALLE_MOV DETMOV
		 		WHERE 
		 			MOV.ST_MUESTRA IS NULL
		            AND MOV.CD_CENTRO = OFI.CD_OFICINA
		            AND MOV.CD_CASO = DETMOV.CD_CASO(+)
		            AND MOV.NU_CUENTA = DETMOV.CD_CTA_REPOR(+)
		            AND MOV.NU_MOVIMIENTO = DETMOV.NU_MOVTO(+)
		            AND MOV.CD_CASO = :cdCasoSica
		            AND MOV.NU_CUENTA = :nuCuenta
	        )
          	</value>
      	</entry>
    </util:map>
    
    <util:map id="getMontoTotales" key-type="java.lang.String" value-type="java.lang.String">
    	<entry key="QUERY">
        	<value>
			SELECT
	        	NVL(COUNT(1),0) nuCargosTotal,
	        	SUM(ABS(IM_IMPORTE)) imCargosTotal
	        FROM (
				SELECT
	            	IM_IMPORTE
	            FROM 
	            	TSCA267_MOV_BG MOV
	            WHERE
	            	MOV.ST_MUESTRA IS NULL AND       
	                MOV.CD_CASO = :cdCasoSica     
	                AND MOV.NU_CUENTA = :nuCuenta
	                AND MOV.ST_CARGO_ABONO = 'D'
	              
	        )
          	</value>
      	</entry>
    </util:map>
    
    <util:map id="lstMovMuestra" key-type="java.lang.String" value-type="java.lang.String">
    	<entry key="QUERY">
        	<value>
			SELECT
				nuNumero,
				cdCaso,
				cdCasoSia,
				cdMontoReportado,
				fhMovimiento,
				nuCuenta,
				cdOficina,
				nbOficina,
				nbConcepto,
				nbTipoMovimiento,
				imMonto,
				cdDivisa,
				nbDescripcion,
				stResumen,
				cdClienteMues,
				nbClienteMues,
				nbApePaternoMues,
				nbApeMaternoMues,
				nbTpPersonaMues,
				cdCuentaMues,
				cdRefInternaMues,
				nuOperaMuesDet,
				nuChequeMues,
				imOperacionMues,
				nbProductoMues,
				cdCasosSiaMues, 
				stCuentaMues,
				cdRfcMues, 
				nbActividadMues, 
				nbInterMues, 
				cdCentroContMues,
				cdTerminalMues, 
				nbHmMues,
				cdCentroMues,
				fhIniOperMues,
				fhFinOperMues,
				fhIniOperMuesDEL ,
				fhFinOperMuesAL,
				imMinMues,
				imMaxMues,
				nbDesgloseMues,
				fhRepAutMues,
				nbActInternetMues,
				nbDetDiaMues,
				nbDetSucMues,
				stInusualMues,
				nbCaracterMues,
				fhStMuestra,
				cdBanco,
				nbCompuesto,
				stClienteMues,
				cdClienteMues1,
				cdClienteMues2,
				cdClienteMues3
			FROM (
				SELECT
					TO_CHAR(MOV.NU_MOVIMIENTO) AS nuNumero,
					MOV.CD_CASO AS cdCaso,
					MOV.CD_CASO_SIA AS cdCasoSia,
					MOV.TP_MONTO_REPORTADO AS cdMontoReportado,
					MOV.FH_MOVIMIENTO AS fhMovimiento,
					MOV.NU_CUENTA AS nuCuenta,
					MOV.CD_OFICINA AS cdOficina,
					CONCAT(OFI.CD_OFICINA, CONCAT(' - ',NB_OFICINA)) AS nbOficina,
					REPLACE(MOV.TX_MOVIMIENTO,CHR(10),'&lt;br&gt;') AS nbConcepto,
					MOV.TP_MOVIMIENTO AS nbTipoMovimiento,
					MOV.IM_MOVIMIENTO AS imMonto,
					MOV.CD_DIVISA AS cdDivisa,
					REPLACE(MOV.TX_DESCRIPCION,CHR(10),'&lt;br&gt;') AS nbDescripcion,
					MOV.CTA_RESUMEN AS stResumen,
					MOV.CD_CLIENTE AS cdClienteMues,
					MOV.NB_CLIENTE AS nbClienteMues,
					MOV.NB_AP_PATERNO AS nbApePaternoMues,
					MOV.NB_AP_MATERNO AS nbApeMaternoMues,
					MOV.TP_PERSONA AS nbTpPersonaMues,
					MOV.CD_CUENTA AS cdCuentaMues,
					MOV.NB_REF_INTERNA AS cdRefInternaMues,
					MOV.CD_OPERACIONES AS nuOperaMuesDet,
					MOV.NB_CHEQUE AS nuChequeMues,
					MOV.NB_OPERACION AS imOperacionMues,
					MOV.NB_PRODUCTO AS nbProductoMues,
					MOV.TX_CASOS_SIA AS cdCasosSiaMues, 
					MOV.ST_CUENTA AS stCuentaMues,
					MOV.NB_RFC AS cdRfcMues, 
					MOV.NB_ACTIVIDAD AS nbActividadMues, 
					MOV.TX_INTER AS nbInterMues, 
					MOV.CD_CENTRO_CONT AS cdCentroContMues,
					MOV.CD_TERMINAL AS cdTerminalMues, 
					MOV.HM_MOV AS nbHmMues,
					MOV.CD_CENTRO AS  cdCentroMues,
					LTRIM(MOV.NB_INI_OPERACION,'DEL ')  AS fhIniOperMues,
					LTRIM(MOV.NB_FIN_OPERACION,'AL ')   AS fhFinOperMues,
					substr(MOV.NB_INI_OPERACION,0,INSTR(NB_INI_OPERACION,' ')-1) AS fhIniOperMuesDEL ,
					substr(MOV.NB_FIN_OPERACION,0,INSTR(NB_FIN_OPERACION,' ')-1) AS fhFinOperMuesAL,
					MOV.NB_IMP_MIN AS imMinMues,
					MOV.NB_IMP_MAX AS imMaxMues,
					MOV.NB_DESGLOSE AS nbDesgloseMues,
					MOV.NB_REP_AUT AS fhRepAutMues,
					MOV.NB_ACT_INTERNET AS nbActInternetMues,
					MOV.NB_DETALLE_DIA AS nbDetDiaMues,
					MOV.NB_DETALLE_SUC AS nbDetSucMues,
					MOV.ST_INUSUAL AS stInusualMues,
					MOV.NB_CARACTER AS nbCaracterMues,
					MOV.FH_INICIO AS fhStMuestra,
					MOV.CD_BANCO AS cdBanco,
					MOV.NB_COMPUESTO nbCompuesto,
					MOV.ST_CLIENTE stClienteMues,
					MOV.CD_CLIENTE_1 cdClienteMues1,
					MOV.CD_CLIENTE_2 cdClienteMues2,
					MOV.CD_CLIENTE_3 cdClienteMues3
				FROM 
					TSCA218_MOV_MUESTRA MOV,
					TSCA003_OFICINA OFI
				WHERE
					MOV.TP_MOVIMIENTO = :tpMov AND
					MOV.CD_CASO = :cdCaso  AND
					MOV.CD_CASO_SIA = :cdCasoSia AND
					MOV.NU_CUENTA = :nuCuenta  AND
					MOV.CD_OFICINA = OFI.CD_OFICINA
					AND MOV.TP_MUESTRA = 1
				ORDER BY 
					MOV.TP_MONTO_REPORTADO DESC
			)
          	</value>
      	</entry>
    </util:map>
    
    <util:map id="getTotalAbonosSia" key-type="java.lang.String" value-type="java.lang.String">
    	<entry key="QUERY">
        	<value>
			SELECT
          		NVL(COUNT(1),0) numAbonosTotal,
          		SUM(ABS(IM_IMPORTE)) imAbonosTotal
        	FROM (
            	SELECT
					IM_IMPORTE
                FROM 
                	TSCA267_MOV_BG MOV
                WHERE
					MOV.ST_MUESTRA IS NULL AND  
                  	MOV.CD_CASO = :cdCaso
                  	AND MOV.NU_CUENTA = :nuCuenta   
                  	AND MOV.ST_CARGO_ABONO = 'H' 
        	)
          	</value>
      	</entry>
    </util:map>
    
    <util:map id="getTotalCargosSia" key-type="java.lang.String" value-type="java.lang.String">
    	<entry key="QUERY">
        	<value>
			SELECT
				NVL(COUNT(1),0) numCargosTotal,
	          	SUM(ABS(IM_IMPORTE)) imCargosTotal
	        FROM (
	        	SELECT
	            	IM_IMPORTE
				FROM 
	            	TSCA267_MOV_BG MOV
				WHERE
	            	MOV.ST_MUESTRA IS NULL AND       
	                MOV.CD_CASO = :cdCaso     
	                AND MOV.NU_CUENTA = :nuCuenta
	                AND MOV.ST_CARGO_ABONO = 'D'
	              
	        )
          	</value>
      	</entry>
    </util:map>
    
    <util:map id="lstDelitos" key-type="java.lang.String" value-type="java.lang.String">
    	<entry key="QUERY">
        	<value>
        	SELECT
        		cdDelito,
        		nbDelito,
        		stDelito
        	FROM (
        		SELECT
		            CD_DELITO cdDelito,
		            NB_DELITO nbDelito,
		            ST_DELITO stDelito
		        FROM
		            GORAPR.TSCA301_DELITO
		        ORDER BY
		            ST_DELITO, CD_DELITO
        	)
          	</value>
      	</entry>
    </util:map>
</beans>